{
  "fp16_baseline": {
    "ppl": 4.3672460629298815,
    "ppl_by_pos": [
      [
        0,
        64,
        6.208549575949102
      ],
      [
        64,
        128,
        4.391642225507932
      ],
      [
        128,
        192,
        4.268546548402349
      ],
      [
        192,
        256,
        4.283583206286503
      ],
      [
        256,
        320,
        4.234738565821475
      ],
      [
        320,
        384,
        4.114440304667731
      ],
      [
        384,
        448,
        4.226078139886118
      ],
      [
        448,
        512,
        4.219655583203303
      ]
    ],
    "latency": {
      "tokens_per_sec": 106.2252290772546,
      "latency_s": 1.204986810684204,
      "peak_mem_mb": 238.215168
    },
    "size_mb": 55.591936
  },
  "weight_int8": {
    "ppl": 4.388251818284072,
    "ppl_by_pos": [
      [
        0,
        64,
        6.136275419612164
      ],
      [
        64,
        128,
        4.3796324977829055
      ],
      [
        128,
        192,
        4.242458199085601
      ],
      [
        192,
        256,
        4.244815941553756
      ],
      [
        256,
        320,
        4.17663214768687
      ],
      [
        320,
        384,
        4.121299240273416
      ],
      [
        384,
        448,
        4.174971522283403
      ],
      [
        448,
        512,
        4.25149726059544
      ]
    ],
    "latency": {
      "tokens_per_sec": 106.37076569306419,
      "latency_s": 1.2033381462097168,
      "peak_mem_mb": 352.806912
    },
    "size_mb": 27.795968,
    "mean_weight_err": 0.007673148090313924
  },
  "weight_int4_g128": {
    "ppl": 4.6767118818685445,
    "ppl_by_pos": [
      [
        0,
        64,
        6.562217146763018
      ],
      [
        64,
        128,
        4.6890696494904605
      ],
      [
        128,
        192,
        4.509999323110181
      ],
      [
        192,
        256,
        4.534142059535972
      ],
      [
        256,
        320,
        4.4991872049995
      ],
      [
        320,
        384,
        4.5008437071951555
      ],
      [
        384,
        448,
        4.476864197922441
      ],
      [
        448,
        512,
        4.524784787609253
      ]
    ],
    "latency": {
      "tokens_per_sec": 108.03551097689396,
      "latency_s": 1.184795618057251,
      "peak_mem_mb": 351.889408
    },
    "size_mb": 13.897984,
    "mean_weight_err": 0.1185277280838866
  },
  "weight_int4_g64": {
    "ppl": 4.7937071174974095,
    "ppl_by_pos": [
      [
        0,
        64,
        6.531868513404744
      ],
      [
        64,
        128,
        4.7934916802126555
      ],
      [
        128,
        192,
        4.455561726500258
      ],
      [
        192,
        256,
        4.400361242825536
      ],
      [
        256,
        320,
        4.36025113423615
      ],
      [
        320,
        384,
        4.353611898300186
      ],
      [
        384,
        448,
        4.377161673463028
      ],
      [
        448,
        512,
        4.3960828473786675
      ]
    ],
    "latency": {
      "tokens_per_sec": 107.52159450606781,
      "latency_s": 1.1904585361480713,
      "peak_mem_mb": 352.806912
    },
    "size_mb": 13.897984,
    "mean_weight_err": 0.10846304671283354
  },
  "kv_int8": {
    "ppl": 4.423243859886139,
    "ppl_by_pos": [
      [
        0,
        64,
        6.119264285462141
      ],
      [
        64,
        128,
        4.426170048700211
      ],
      [
        128,
        192,
        4.255694090668875
      ],
      [
        192,
        256,
        4.184779388584598
      ],
      [
        256,
        320,
        4.176391014940114
      ],
      [
        320,
        384,
        4.188168226735398
      ],
      [
        384,
        448,
        4.187090754085626
      ],
      [
        448,
        512,
        4.145686675884873
      ]
    ],
    "latency": {
      "tokens_per_sec": 86.52416111417054,
      "latency_s": 1.4793555736541748,
      "peak_mem_mb": 351.889408
    },
    "size_mb": 55.591936
  },
  "kv_int4": {
    "ppl": 4.416693599358139,
    "ppl_by_pos": [
      [
        0,
        64,
        6.130937809247472
      ],
      [
        64,
        128,
        4.386010788490557
      ],
      [
        128,
        192,
        4.191623507951498
      ],
      [
        192,
        256,
        4.196620680625019
      ],
      [
        256,
        320,
        4.167012153887776
      ],
      [
        320,
        384,
        4.15872676767839
      ],
      [
        384,
        448,
        4.198545654387938
      ],
      [
        448,
        512,
        4.185665000164268
      ]
    ],
    "latency": {
      "tokens_per_sec": 87.01259198283576,
      "latency_s": 1.4710514545440674,
      "peak_mem_mb": 377.972736
    },
    "size_mb": 55.591936
  },
  "combo_w8_kv8": {
    "ppl": 4.4472618132067145,
    "ppl_by_pos": [
      [
        0,
        64,
        6.113330488115306
      ],
      [
        64,
        128,
        4.3383117798872926
      ],
      [
        128,
        192,
        4.220490095612549
      ],
      [
        192,
        256,
        4.124228047942166
      ],
      [
        256,
        320,
        4.127589767279447
      ],
      [
        320,
        384,
        4.188345350994654
      ],
      [
        384,
        448,
        4.168677382295028
      ],
      [
        448,
        512,
        4.158505040480168
      ]
    ],
    "latency": {
      "tokens_per_sec": 88.06702051766004,
      "latency_s": 1.4534385204315186,
      "peak_mem_mb": 402.221056
    },
    "size_mb": 27.795968
  }
}